{
  "1": 2.4351680894096184,
  "2": 2.26077467035813,
  "3": 2.5011333025655307,
  "4": 2.8647060769987833,
  "5": 2.9999999964124537,
  "6": 2.0649989328208886,
  "7": 2.3691293049320183,
  "8": 1.8654888602656656,
  "9": 1.970799416919582,
  "10": 2.10747056579264,
  "11": 1.8114675688660324,
  "12": 1.77725001596706,
  "13": 1.6910566572040815,
  "14": 1.5980068813679558,
  "15": 1.439020903618066,
  "16": 1.879951648932773,
  "17": 1.7588621774733224,
  "18": 1.9529209139347232,
  "19": 1.892153703262173,
  "20": 2.16023707850732,
  "21": 1.839592041317025,
  "22": 1.8458960717499813,
  "23": 2.168294095638198,
  "24": 1.8490062728195928,
  "25": 1.787509936183413,
  "26": 1.0
}