{
  "0": 1.8695326528814613,
  "1": 1.8249613738487949,
  "2": 2.9999999999626334,
  "3": 1.969140394492202,
  "4": 2.2403923910567247,
  "5": 1.5447680747453894,
  "6": 1.1740709159693334,
  "7": 1.6995397664973106,
  "8": 2.2543791250811687,
  "9": 2.0838451853675344,
  "10": 1.5328292028344697,
  "11": 2.0641039913063652,
  "12": 2.144968603840911,
  "13": 1.9206096549151979,
  "14": 2.1263846922234997,
  "15": 1.5490261608692297,
  "16": 1.2655888171574774,
  "17": 2.335527712988771,
  "18": 2.2755843129359263,
  "19": 1.5860832717300855,
  "20": 1.847652099072877,
  "21": 1.3835739964143103,
  "22": 1.177667772021365,
  "23": 2.1074883552389605,
  "24": 1.7833656104389337,
  "25": 1.8540770201952181,
  "26": 2.1156131180075537,
  "27": 1.7786653249222977,
  "28": 1.3150780686685877,
  "29": 1.9001541011354302,
  "30": 1.5983149387850806,
  "31": 1.3871759290969004,
  "32": 1.2305763301588029,
  "33": 1.4815607464692013,
  "34": 2.1573025409925624,
  "35": 1.7660405580858443,
  "36": 1.298605900802336,
  "37": 1.66823856244624,
  "38": 1.9194490771147976,
  "39": 1.4400175318465671,
  "40": 2.580519745026917,
  "41": 1.0,
  "42": 2.368112681960066,
  "43": 1.655301175644531,
  "44": 2.573698649553454,
  "45": 1.283194516304435,
  "46": 2.752170269405254,
  "47": 1.067167924899361
}